[
  {
    "project_id": "p1",
    "project_name": "Skin Disease Detection Web & App",
    "short_description": "A ResNet-based skin disease detection system.",
    "long_description": "Graduation project: built a web and mobile interface for skin disease detection using a ResNet model with Flask, Grad-CAM visualization, and SQLite backend. Tech stack: Python, PyTorch, Flask, HTML/CSS.",
    "card_image": "./images/skin_card.png",
    "spotlight_image": "./images/skin_spotlight.png",
    "url": "https://github.com/Rahaf-CE/GRADUATION-PROJECT"
  },
  {
    "project_id": "p2",
    "project_name": "Unity Educational Game",
    "short_description": "Interactive 2D/3D scenes teaching alphabet and numbers.",
    "long_description": "Built interactive educational games using Unity 3D with C#. Implemented animations, UI design, and game physics for learning the alphabet and numbers.",
    "card_image": "./images/unity_card.png",
    "spotlight_image": "./images/unity_spotlight.png",
    "url": "https://github.com/Rahaf-CE/Unity-Games"
  },
  {
    "project_id": "p3",
    "project_name": "Frontend Web Development Projects",
    "short_description": "Responsive web interfaces in progress.",
    "long_description": "Developing modern web interfaces using HTML, CSS, JavaScript, and React. Focus on responsive design, UI/UX best practices, and interactive features.",
    "card_image": "./images/frontend_card.png",
    "spotlight_image": "./images/frontend_spotlight.png",
    "url": "#"
  }
]
